<?xml version="1.0" encoding="UTF-8"?>

<faces-config xmlns="http://java.sun.com/xml/ns/javaee"
	xmlns:xsi="http://www.w3.org/2001/XMLSchema-instance"
	xsi:schemaLocation="http://java.sun.com/xml/ns/javaee http://java.sun.com/xml/ns/javaee/web-facesconfig_2_1.xsd"
	version="2.1">

	<lifecycle>
		<phase-listener>eai.msejdf.web.session.SessionPhaseListener</phase-listener>
	</lifecycle>

	<navigation-rule>
		<from-view-id>/Login.xhtml</from-view-id>
		<navigation-case>
			<from-action>#{securityBeanW.checkUserCredentials}</from-action>
			<from-outcome>true</from-outcome>
			<to-view-id>/AdminHome.xhtml</to-view-id>
			<redirect />
		</navigation-case>
		<navigation-case>
			<from-action>#{securityBeanW.checkUserCredentials}</from-action>
			<from-outcome>false</from-outcome>
			<to-view-id>/Login.xhtml</to-view-id>
			<redirect>
				<view-param>
					<name>message</name>
					<value>WrongUserPasswordError</value>
				</view-param>
			</redirect>
		</navigation-case>
	</navigation-rule>

	<!-- Session Time out occurred -->
	<navigation-rule>
		<from-view-id>/*</from-view-id>
		<navigation-case>
			<from-outcome>SessionTimedOut</from-outcome>
			<to-view-id>/Login.xhtml</to-view-id>
		</navigation-case>
		<navigation-case>
			<from-action>#{securityBeanW.logout}</from-action>
			<from-outcome>true</from-outcome>
			<to-view-id>/Login.xhtml</to-view-id>
			<redirect />
		</navigation-case>
	</navigation-rule>

</faces-config>
