<?xml version='1.0' encoding='UTF-8'?>
<smooks-resource-list xmlns="http://www.milyn.org/xsd/smooks-1.1.xsd"
	xmlns:ftl="http://www.milyn.org/xsd/smooks/freemarker-1.1.xsd"
	xmlns:jb="http://www.milyn.org/xsd/smooks/javabean-1.2.xsd" xmlns:frag="http://www.milyn.org/xsd/smooks/fragment-routing-1.2.xsd"
	xmlns:esbr="http://www.jboss.org/xsd/jbossesb/smooks/routing-1.0.xsd">



	<jb:bean beanId="userList" class="java.util.ArrayList"
		createOnElement="getUsersFollowingCompanyResponse">
		<jb:wiring beanIdRef="userItem" />
	</jb:bean>

	<jb:bean beanId="userItem" class="eai.msejdf.esb.User" createOnElement="user">
		<jb:value property="id" data="user/id" />
		<jb:value property="mailAddress" data="user/mailAddress" />
		<jb:value property="name" data="user/name" />
		<jb:value property="username" data="user/username" />
		<jb:value property="emailCount" data="user/emailCount" />		
	</jb:bean>

</smooks-resource-list>
