<?xml version="1.0" encoding="UTF-8"?>

<root-container name="eai.msejdf.jbpm" width="1300" height="1732">
  <node name="start" x="801" y="273" width="153" height="50">
    <edge>
      <label x="5" y="-10"/>
    </edge>
  </node>
  <node name="Check Stock Variation" x="766" y="450" width="224" height="46">
    <edge>
      <label x="-151" y="19"/>
    </edge>
    <edge>
      <label x="-79" y="-20"/>
    </edge>
    <edge>
      <label x="-9" y="-365"/>
    </edge>
  </node>
  <node name="Approve Stock Variation Notification" x="537" y="699" width="299" height="47">
    <edge>
      <label x="-105" y="-324"/>
    </edge>
    <edge>
      <label x="-147" y="-14"/>
    </edge>
  </node>
  <node name="Get Subscribed Users" x="138" y="947" width="194" height="47">
    <edge>
      <label x="5" y="-10"/>
    </edge>
    <edge>
      <label x="-14" y="-26"/>
    </edge>
  </node>
  <node name="Notify User" x="112" y="1239" width="252" height="24">
    <edge>
      <label x="-136" y="-14"/>
    </edge>
    <edge>
      <label x="5" y="-10"/>
    </edge>
  </node>
  <node name="Send e-Mail" x="49" y="1370" width="177" height="47">
    <edge>
      <label x="5" y="-10"/>
    </edge>
  </node>
  <node name="Count e-Mail" x="297" y="1371" width="164" height="50">
    <edge>
      <label x="5" y="-10"/>
    </edge>
  </node>
  <node name="Wait e-mail actions complete" x="127" y="1489" width="252" height="24">
    <edge>
      <label x="5" y="-10"/>
    </edge>
  </node>
  <node name="SetUsersWarnedAutomatically" x="113" y="699" width="246" height="45">
    <edge>
      <label x="5" y="-10"/>
    </edge>
  </node>
  <node name="SetUsersWarnedByManager" x="336" y="829" width="225" height="45">
    <edge>
      <label x="5" y="-10"/>
    </edge>
  </node>
  <node name="GenerateReport" x="847" y="1480" width="248" height="51">
    <edge>
      <label x="5" y="-10"/>
    </edge>
  </node>
  <node name="SubmitReport" x="847" y="1601" width="248" height="43">
    <edge>
      <label x="5" y="-10"/>
    </edge>
  </node>
  <node name="FilterUsersByValidMailAddress" x="104" y="1045" width="265" height="51">
    <edge>
      <label x="5" y="-10"/>
    </edge>
  </node>
  <node name="Has Users to Notify?" x="138" y="1144" width="199" height="48">
    <edge>
      <label x="5" y="-10"/>
    </edge>
    <edge>
      <label x="-190" y="-118"/>
    </edge>
  </node>
  <node name="Exception Handling" x="534" y="1038" width="204" height="51">
    <edge>
      <label x="5" y="-10"/>
    </edge>
  </node>
  <node name="end-state" x="909" y="1695" width="132" height="36"/>
  <deployment graphicalInfoFile="/JBPMServices/src/jbpm/jpdl/.eai.msejdf.jbpm.gpd.xml" imageFile="/JBPMServices/src/jbpm/jpdl/eai.msejdf.jbpm.jpg" serverName="localhost" serverPort="8180" serverDeployer="/gpd-deployer/upload">
    <classesAndResources>
      <element type="java" value="/JBPMServices/src/jbpm/eai/msejdf/jbpm/actions/CheckStockVariationDecisionHandler.java"/>
      <element type="java" value="/JBPMServices/src/jbpm/eai/msejdf/jbpm/actions/MessageActionHandler.java"/>
      <element type="java" value="/JBPMServices/src/jbpm/eai/msejdf/jbpm/actions/PrepareEsbMailCountCall.java"/>
      <element type="java" value="/JBPMServices/src/jbpm/eai/msejdf/jbpm/actions/PrepareEsbMailSendCall.java"/>
      <element type="java" value="/JBPMServices/src/jbpm/eai/msejdf/jbpm/actions/SetUsersWarnedAutomatically.java"/>
      <element type="java" value="/JBPMServices/src/jbpm/eai/msejdf/jbpm/actions/SetUsersWarnedByManager.java"/>
      <element type="java" value="/JBPMServices/src/jbpm/eai/msejdf/jbpm/actions/GenerateReport.java"/>
      <element type="java" value="/JBPMServices/src/jbpm/eai/msejdf/jbpm/actions/FilterUsersByValidMailAddress.java"/>
      <element type="java" value="/JBPMServices/src/jbpm/eai/msejdf/jbpm/actions/UserListEmptyDecisionHandler.java"/>
      <element type="java" value="/JBPMServices/src/jbpm/eai/msejdf/jbpm/actions/ExtractCompanyInfo.java"/>
    </classesAndResources>
    <additionalFiles>
      <element value="/JBPMServices/src/jbpm/jpdl/forms.xml"/>
      <element value="/JBPMServices/src/jbpm/jpdl/ApproveMail.xhtml"/>
    </additionalFiles>
  </deployment>
</root-container>
