<?xml version="1.0" encoding="UTF-8"?>

<process-definition xmlns="urn:jbpm.org:jpdl-3.2"
	name="eai.msejdf.jbpm">
	
<!-- 
     ########################################################################################################## 
		Start Node
	 ########################################################################################################## 
-->	
	<start-state name="start">
		<event type="node-enter">
			<action name="action0" class="eai.msejdf.jbpm.actions.MessageActionHandler">
				<message>Starting BPM</message>
			</action>
		</event>
		<transition name="Extract Company Info" to="Check Stock Variation" >
			<action name="Extract Company Info"
				class="eai.msejdf.jbpm.actions.ExtractCompanyInfo">
			</action>	
		</transition>
	</start-state> 

<!-- 
     ########################################################################################################## 
		Check Stock Variation Node		
	 ########################################################################################################## 
-->
	<decision name="Check Stock Variation">
		<handler class="eai.msejdf.jbpm.actions.CheckStockVariationDecisionHandler"></handler>

		<transition to="Approve Stock Variation Notification" name="Request Approval">
			<action name="action" class="eai.msejdf.jbpm.actions.MessageActionHandler">
				<message>Request Approval</message>
			</action>
		</transition>

		<transition to="SetUsersWarnedAutomatically" name="Notify User">
			<action name="action" class="eai.msejdf.jbpm.actions.MessageActionHandler">
				<message>Notify user</message>
			</action>
		</transition>

		<transition to="GenerateReport" name="No Action Required">
			<action name="action" class="eai.msejdf.jbpm.actions.MessageActionHandler">
				<message>No Action required</message>
			</action>
		</transition>
	</decision>

<!-- 
     ########################################################################################################## 
		Approve Stock Variation Notification Node
	 ########################################################################################################## 
-->
	<task-node name="Approve Stock Variation Notification">

		<task name="Approve stock variation e-mail notification">
			<assignment actor-id="Manager"></assignment>
			<controller>
            	<variable name="companyName" access="read"/>
			</controller>
			
		</task>

		<transition to="GenerateReport" name="Reject Notification">
			<action name="action1" class="eai.msejdf.jbpm.actions.MessageActionHandler">
				<message>Notification Rejected</message>
			</action>
		</transition>

		<transition to="SetUsersWarnedByManager" name="Approve Notification">
			<action name="action2" class="eai.msejdf.jbpm.actions.MessageActionHandler">
				<message>Notification Approved</message>
			</action>
		</transition>
	</task-node>

	<!-- 
     ########################################################################################################## 
		Get Subscribed Users Node
	 ########################################################################################################## 
-->
	<node name="Get Subscribed Users">
		<action name="GetUsersFollowingCompany"
			class="org.jboss.soa.esb.services.jbpm.actionhandlers.EsbActionHandler">
			<esbCategoryName>
				EAI_ESB
			</esbCategoryName>
			<esbServiceName>GetUsersFollowingCompany</esbServiceName>
			<bpmToEsbVars>
				<mapping bpm="msgBody" esb="BODY_CONTENT" />
				<mapping bpm="companyName" esb="companyName" />
			</bpmToEsbVars>
			<esbToBpmVars>
				<mapping esb="userList" bpm="userList"/>
			</esbToBpmVars>
			<exceptionTransition>Exception</exceptionTransition>
		</action>		
		
		<transition to="FilterUsersByValidMailAddress">
		</transition>
		
		<transition to="Exception Handling" name="Exception">
		</transition>
	</node>

<!-- 
     ########################################################################################################## 
		Notify User Node
	 ########################################################################################################## 
-->
	<fork name="Notify User">
		<transition to="Send e-Mail" name="Start e-mail sending">
			<action name="esb Service Call - Prepare Mail Send"
				class="eai.msejdf.jbpm.actions.PrepareEsbMailSendCall">
			</action>		
		</transition>
		<transition to="Count e-Mail" name="Start e-mail counting">
			<action name="esb Service Call - Prepare Mail Count"
				class="eai.msejdf.jbpm.actions.PrepareEsbMailCountCall">
			</action>		
		</transition>
	</fork>

<!-- 
     ########################################################################################################## 
		Send e-Mail Node
	 ########################################################################################################## 
-->
	<node name="Send e-Mail">
		<transition to="Wait e-mail actions complete">
			<action name="esb Service Call - Send e-mail"
				class="org.jboss.soa.esb.services.jbpm.actionhandlers.EsbNotifier">
				<esbCategoryName>
					EAI_ESB
				</esbCategoryName>
				<esbServiceName>Send e-mail</esbServiceName>
				<bpmToEsbVars>
					<mapping bpm="mailTo" esb="mailTo" />
					<mapping bpm="mailSubject" esb="mailSubject" />				
					<mapping bpm="mailMessage" esb="mailMessage" />				
					<mapping bpm="msgBody" esb="BODY_CONTENT"/>
				</bpmToEsbVars>
			</action>
		
			<action name="action1" class="eai.msejdf.jbpm.actions.MessageActionHandler">
				<message>Send e-mail complete</message>
			</action>
		</transition>
	</node>

<!-- 
     ########################################################################################################## 
		Count e-Mail Node
	 ########################################################################################################## 
-->
	<node name="Count e-Mail">
		<transition to="Wait e-mail actions complete">
			<action name="esb Service Call - Count e-mail"
				class="org.jboss.soa.esb.services.jbpm.actionhandlers.EsbNotifier"> 
				<esbCategoryName>
					EAI_ESB
				</esbCategoryName>
				<esbServiceName>IncrementUserEmailCount</esbServiceName>
				<bpmToEsbVars>
					<mapping bpm="userIdList" esb="userIdList" />
				</bpmToEsbVars>
			</action>

			<action name="action1" class="eai.msejdf.jbpm.actions.MessageActionHandler">
				<message>Count e-mail complete</message>
			</action>
		</transition>
	</node>

<!-- 
     ########################################################################################################## 
		Wait e-mail actions complete Node
	 ########################################################################################################## 
-->
	<join name="Wait e-mail actions complete">
		<transition to="GenerateReport">
			<action name="action1" class="eai.msejdf.jbpm.actions.MessageActionHandler">
				<message>Waiting e-mail actions complete</message>
			</action>
		</transition>
	</join>

<!-- 
     ########################################################################################################## 
		SetUsersWarnedAutomatically Node
	 ########################################################################################################## 
-->
	<node name="SetUsersWarnedAutomatically">
		<transition to="Get Subscribed Users">
			<action name="SetUsersWarnedAutomatically" class="eai.msejdf.jbpm.actions.SetUsersWarnedAutomatically"></action>
		</transition>
	</node>

<!-- 
     ########################################################################################################## 
		SetUsersWarnedByManager Node
	 ########################################################################################################## 
-->
	<node name="SetUsersWarnedByManager">
		<transition to="Get Subscribed Users">
			<action name="SetUsersWarnedByManager" class="eai.msejdf.jbpm.actions.SetUsersWarnedByManager"></action>
		</transition>
	</node>

<!-- 
     ########################################################################################################## 
		Generate Report Node
	 ########################################################################################################## 
-->
	<node name="GenerateReport">
		<transition to="SubmitReport">
			<action name="GenerateReport" class="eai.msejdf.jbpm.actions.GenerateReport"></action>
		</transition>
	</node>

<!-- 
     ########################################################################################################## 
		Submit Report Node
	 ########################################################################################################## 
-->
	<node name="SubmitReport">
		<transition to="end-state">
			<action name="esb Service Call - Submit Report"
				class="org.jboss.soa.esb.services.jbpm.actionhandlers.EsbNotifier"> 
				<esbCategoryName>
					EAI_ESB
				</esbCategoryName>
				<esbServiceName>CompaniesAggregator</esbServiceName>
				<bpmToEsbVars>
					<mapping bpm="msgBody" esb="BODY_CONTENT" />
					<mapping bpm="contextInfo" esb="contextInfo" />
				</bpmToEsbVars>
			</action>
		</transition>
	</node>

<!-- 
     ########################################################################################################## 
		Filter Users By Valid Mail Address 		
	 ########################################################################################################## 
-->

	<node name="FilterUsersByValidMailAddress">
		<transition to="Has Users to Notify?"></transition>
	</node>

<!-- 
     ########################################################################################################## 
		has Users to Notify 		
	 ########################################################################################################## 
-->

	<decision name="Has Users to Notify?">
		<handler class="eai.msejdf.jbpm.actions.UserListEmptyDecisionHandler"></handler>
		<transition to="Notify User" name="HasUsers">
			<action name="action1" class="eai.msejdf.jbpm.actions.MessageActionHandler">
				<message>Has Users to Notify</message>
			</action>
		</transition>
		<transition to="GenerateReport" name="HasNoUsers">
			<action name="action2" class="eai.msejdf.jbpm.actions.MessageActionHandler">
				<message>Has NO Users to Notify</message>
			</action>
		</transition>
	</decision>

<!-- 
     ########################################################################################################## 
		Exception Handling
	 ########################################################################################################## 
-->
	<node name="Exception Handling">
		<transition to="GenerateReport">
			<action name="action1" class="eai.msejdf.jbpm.actions.MessageActionHandler">
				<message>EXCEPTION: An exception has occured in the process!!!</message>
			</action>
		</transition>
	</node>

<!-- 
     ########################################################################################################## 
		End State Node
	 ########################################################################################################## 
-->
	<end-state name="end-state">
		<event type="node-enter">
			<action name="action1" class="eai.msejdf.jbpm.actions.MessageActionHandler">
				<message>Ended jBPM Orchestration Process</message>
			</action>
		</event>
	</end-state>

</process-definition>