<?xml version="1.0"?>
<jbossesb-deployment>
  <depends>jboss.esb:deployment=soap.esb</depends>
  <depends>jboss.esb:service=SoapUIClientService</depends>
  <depends>jboss.esb:deployment=smooks.esb</depends>
  <jmsTopic>EAIProj3_gateway</jmsTopic>
  <jmsQueue>EAIProj3_esb_reply</jmsQueue>
  <jmsQueue>EAIProj3_esb</jmsQueue>
  <jmsQueue>EAIProj3_company</jmsQueue> 
  <jmsQueue>EAIProj3_aggregator</jmsQueue>   
  <jmsQueue>Orchestrator_esb_reply</jmsQueue>
  <jmsQueue>Orchestrator_esb</jmsQueue>
  <jmsQueue>GetUserEmailCount_esb_reply</jmsQueue>
  <jmsQueue>GetUserEmailCount_esb</jmsQueue>
  <jmsQueue>GetUsersFollowingCompany_esb_reply</jmsQueue>
  <jmsQueue>GetUsersFollowingCompany_esb</jmsQueue>
  <jmsQueue>IncrementUserEmailCount_esb_reply</jmsQueue>
  <jmsQueue>IncrementUserEmailCount_esb</jmsQueue>
  <jmsQueue>SendMail_esb_reply</jmsQueue>
  <jmsQueue>SendMail_esb</jmsQueue>
  <jmsQueue>EAIProj3_webservice_esb</jmsQueue>
  <jmsQueue>EAIProj3_webservice_esb_reply</jmsQueue>  
  <jmsQueue>report_queue</jmsQueue>
</jbossesb-deployment>