<?xml version="1.0"?>
<jbossesb parameterReloadSecs="5"
	xmlns="http://anonsvn.labs.jboss.com/labs/jbossesb/trunk/product/etc/schemas/xml/jbossesb-1.0.1.xsd"
	xmlns:xsi="http://www.w3.org/2001/XMLSchema-instance"
	xsi:schemaLocation="http://anonsvn.labs.jboss.com/labs/jbossesb/trunk/product/etc/schemas/xml/jbossesb-1.0.1.xsd http://anonsvn.jboss.org/repos/labs/labs/jbossesb/trunk/product/etc/schemas/xml/jbossesb-1.0.1.xsd">
<!-- 
     ########################################################################################################## 
		DEFINE THE PROVIDERS 
	 ########################################################################################################## 
-->
	<providers>
		<jms-provider connection-factory="ConnectionFactory"
			name="JBossMQ">
			<jms-bus busid="EAIProj3GwChannel">
				<jms-message-filter dest-name="topic/EAIProj3_gateway"
					dest-type="TOPIC" />
			</jms-bus>
			<jms-bus busid="EAIProj3EsbChannel">
				<jms-message-filter dest-name="queue/EAIProj3_esb"
					dest-type="QUEUE" />
			</jms-bus>
			<jms-bus busid="EAIProj3_Spliter_ToCompany">
				<jms-message-filter dest-name="queue/EAIProj3_company"
					dest-type="QUEUE" />
			</jms-bus>
			<jms-bus busid="EAIProj3_Aggregator">
				<jms-message-filter dest-name="queue/EAIProj3_aggregator"
					dest-type="QUEUE" />
			</jms-bus>			
			<jms-bus busid="EAIProj3_ReportQueue">
				<jms-message-filter dest-name="queue/EAIProj3_aggregator"
					dest-type="QUEUE" />
			</jms-bus>			

			<jms-bus busid="OrchestratorEsbChannel">
				<jms-message-filter dest-name="queue/Orchestrator_esb"
					dest-type="QUEUE" />
			</jms-bus>

			<jms-bus busid="GetUserEmailCountEsbChannel">
				<jms-message-filter dest-name="queue/GetUserEmailCount_esb"
					dest-type="QUEUE" />
			</jms-bus>

			<jms-bus busid="GetUsersFollowingCompanyEsbChannel">
				<jms-message-filter dest-name="queue/GetUsersFollowingCompany_esb"
					dest-type="QUEUE" />
			</jms-bus>

			<jms-bus busid="IncrementUserEmailCountEsbChannel">
				<jms-message-filter dest-name="queue/IncrementUserEmailCount_esb"
					dest-type="QUEUE" />
			</jms-bus>
			<jms-bus busid="SendMailGwChannel">
				<jms-message-filter dest-name="queue/SendMail_gateway"
					dest-type="QUEUE" />
			</jms-bus>
			<jms-bus busid="SendMailEsbChannel">
				<jms-message-filter dest-name="queue/SendMail_esb"
					dest-type="QUEUE" />
			</jms-bus>
			<jms-bus busid="EAIProj3_WebService_esb">
                <jms-message-filter dest-type="QUEUE" dest-name="queue/EAIProj3_webservice_esb"/>
            </jms-bus>
									
		</jms-provider>
		
		<jbr-provider name="HttpWebService" protocol="http" host="localhost">
			 <jbr-bus busid="Http-WebService" port="8765" />
		</jbr-provider>
		
	</providers>
	<services>
<!-- 
     ########################################################################################################## 
		Initial listen of jms topic 
	 ########################################################################################################## 
-->	
		<service category="EAI_ESB"
			description="EAI_ESB: Takes XML in and splits it in different companies"
			name="CompaniesSpliter">
			<listeners>
				<jms-listener busidref="EAIProj3GwChannel" is-gateway="true"
					name="JMS-Gateway" />
				<jms-listener busidref="EAIProj3EsbChannel" name="jmsTransformer" />
			</listeners>
			<actions mep="OneWay">
				<action class="org.jboss.soa.esb.actions.SystemPrintln" name="print-xml">
					<property name="message" value=">>>> 1. XML Message on topic : " />
				</action>
				<!-- Split it -->
				<action class="org.jboss.soa.esb.smooks.SmooksAction" name="transform">
					<property name="smooksConfig" value="/smooks-CompaniesSpliter.xml" />
					<property name="resultType" value="JAVA" />
					<property name="javaResultBeanId" value="companiesList" />
<!-- 					<property name="reportPath" value="/zap/smooks-report.html" /> -->
				</action>
				<action class="org.jboss.soa.esb.actions.SystemPrintln" name="printAfter-xml">
					<property name="message" value=">>>> 2. XML Message on topic : " />
				</action>
				<!-- Do the Split -->
				<action class="eai.msejdf.esb.SplitCompaniesAction" name="Split Companies">
  					<property name="service-category" value="jBPM Orchestrator Service" />
  					<property name="service-name" value="Start BPM Service" />  
  					<property name="exceptionMethod" value="exceptionHandler" />
				</action>
			</actions>
		</service>
<!-- 
     ########################################################################################################## 
		ESB Orchestration service to wrap BPM process invocation
	 ########################################################################################################## 
-->
		<service category="jBPM Orchestrator Service"
			description="BPM Orchestration Service: Process instance starter"
			name="Start BPM Service">

			<listeners>
 				<jms-listener busidref="OrchestratorEsbChannel" name="ESB-OrchestratorListener" />
			</listeners>

			<actions mep="OneWay">

				<action name="entryPrint" class="org.jboss.soa.esb.actions.SystemPrintln">
					<property name="message" value="Starting jBPM Orchestration Process..."></property>
				</action>

				<action name="mapContext" 
					class="eai.msejdf.esb.MapBodyAndContextVar" 
					process="MapContextToBodyVar"></action>

				<action class="org.jboss.soa.esb.services.jbpm.actions.BpmProcessor"
					name="BpmProcessor">
					<property name="command" value="StartProcessInstanceCommand" />
					<property name="process-definition-name" value="eai.msejdf.jbpm" />
					<property name="esbToBpmVars">
						<mapping esb="company" bpm="msgBody" />
						<mapping esb="contextInfo" bpm="contextInfo" />
					</property>
					<property name="reply-to-originator" value="true" />
				</action>

				<action name="exitPrint" class="org.jboss.soa.esb.actions.SystemPrintln">
					<property name="message"
						value="Starting jBPM Orchestration Process...Complete"></property>
				</action>

			</actions>
		</service>
		
<!-- 
     ########################################################################################################## 
		Companies Aggregator 
	 ########################################################################################################## 
-->
		<service category="EAI_ESB"
			description="EAI_ESB: Takes XML in and splits it in different companies"
			name="CompaniesAggregator">
			<listeners>
				<jms-listener busidref="EAIProj3_Aggregator" name="Aggregator" />
			</listeners>
			<actions mep="OneWay">

				<action name="mapContext" 
					class="eai.msejdf.esb.MapBodyAndContextVar" 
					process="MapBodyToContextVar"></action>

				<action class="org.jboss.soa.esb.actions.Aggregator" name="Aggregator">
					<property name="timeoutInMillis" value="60000" />
				</action>

                  <!-- aggregate the attachments into 1 message -->
                  <action name="assemble" class="eai.msejdf.esb.AggregatedAssemblerAction" />

                  <action name="reportAgregate" class="eai.msejdf.esb.ReportAggregateAction" />

				<action class="org.jboss.soa.esb.actions.SystemPrintln" name="printAfter-xml">
					<property name="message" value=">>>> 4. XML Message on topic : " />
				</action>
				
				<!-- Send to the report queue -->
				
				<action name="routeToReplyQueue" class="org.jboss.soa.esb.actions.routing.JMSRouter">
					<property name="jndi-context-factory" value="org.jnp.interfaces.NamingContextFactory"/>
					<property name="jndi-URL" value="127.0.0.1:1199"/>
					<property name="jndi-pkg-prefix" value="org.jboss.naming:org.jnp.interfaces"/>
					<property name="connection-factory" value="ConnectionFactory"/>
					<property name="jndiName" value="queue/report_queue"/>
					<property name="unwrap" value="true"/>
					<!-- 
					<property name="security-principal" value="guest"/>
					<property name="security-credential" value="guest"/>
				 	-->
					<!-- Example of adding Extension properties -->
					<!-- comma separated list of prefixes -->
					<!-- 
					<property name="jndi-prefixes" value="org.xyz."/>
					<property name="org.xyz.propertyName" value="propertyValue"/>
					 -->
				
				  </action>   
				
			</actions>
		</service>

<!-- 
     ########################################################################################################## 
		GetNumberOfEmails 
	 ########################################################################################################## 
-->
		<service category="EAI_ESB"
			description="EAI_ESB: Gets the number of emails sent to a user" name="GetUserEmailCount">
			<listeners>
				<jms-listener busidref="GetUserEmailCountEsbChannel"
					name="getUserEmailCount" />
			</listeners>
			
			<actions mep="RequestResponse">
				<action class="eai.msejdf.esb.GetUserEmailCount" name="request-mapper" />
				<action class="org.jboss.soa.esb.actions.soap.SOAPClient"
					name="soapui-client-action">
					<property name="wsdl"
						value="http://127.0.0.1:8080/EJBServer/ListUserInterface?wsdl" />
					<property name="SOAPAction" value="getUserEmailCount" />
					<!-- <property name="SOAPService" value="{http://www.eai.org/msejdf}ListUserService" 
						/> -->
					<property name="responseAsOgnlMap" value="false" />
				</action>
 
				<action class="org.jboss.soa.esb.smooks.SmooksAction" name="transform">
					<property name="smooksConfig" value="/smooks-GetUserEmailCount.xml" />
					<property name="resultType" value="JAVA" />
					<property name="javaResultBeanId" value="userItem" />
<!-- 					<property name="reportPath" value="/zap/smooks-report_GetUserEmailCount.html" />  --> 
				</action>
 			
			</actions>
		</service>
<!-- 
     ########################################################################################################## 
		GetUsersFollowingCompany 
	 ########################################################################################################## 
-->
		<service category="EAI_ESB"
			description="EAI_ESB: Gets the number of emails sent to a user" name="GetUsersFollowingCompany">
			<listeners>
				<jms-listener busidref="GetUsersFollowingCompanyEsbChannel"
					name="getUsersFollowingCompany" />
			</listeners>
			<actions mep="RequestResponse">
			
				<action class="eai.msejdf.esb.GetUsersFollowingCompany" name="request-mapper" />

				<action class="org.jboss.soa.esb.actions.soap.SOAPClient"
					name="soapui-client-action">
					<property name="wsdl"
						value="http://127.0.0.1:8080/EJBServer/ListUserInterface?wsdl" />
					<property name="SOAPAction" value="getUsersFollowingCompany" />
					<property name="LoggingMessages" value="true" />
				</action>
				
				<action class="org.jboss.soa.esb.smooks.SmooksAction" name="transform">
					<property name="smooksConfig" value="/smooks-GetUsersFollowingCompany.xml" />
					<property name="resultType" value="JAVA" />
					<property name="javaResultBeanId" value="userList" />
					<!-- <property name="reportPath" value="/zap/smooks-report_GetUserFollowingCompany.html" />  -->
				</action>
				
				<action class="eai.msejdf.esb.GetUsersFollowingCompanyResponseAction" name="response-mapper" />
				
				<action class="org.jboss.soa.esb.actions.SystemPrintln" name="entryPrint4">
					<property name="message" value="eai.msejdf.esb.GetUsersFollowingCompany 4" />
				
				</action>
				
				
			</actions>
		</service>
<!-- ########################################################################################################## 
		e-mail dispatch service
	 ########################################################################################################## 
-->		
		<service category="EAI_ESB" description="EAI_ESB: e-mail dispatch service"
			name="Send e-mail">
			<listeners>
				<jms-listener busidref="SendMailEsbChannel" name="Send e-mail" />
			</listeners>
			<actions mep="OneWay">
				<action class="org.jboss.soa.esb.actions.SystemPrintln" name="entryPrint">
					<property name="message" value="Start e-mail sending..." />
				</action>
				<action class="eai.msejdf.esb.SendMail" name="send-email" />
				<action class="org.jboss.soa.esb.actions.SystemPrintln" name="exitPrint">
					<property name="message" value="Start e-mail sending...Complete" />
				</action>
			</actions>
		</service>
<!-- 
     ########################################################################################################## 
		IncrementUserEmailCount 
	 ########################################################################################################## 
-->	
		<service category="EAI_ESB" name="IncrementUserEmailCount"
			description="EAI_ESB: Increments the number of emails sent to a user">

			<listeners>
				<jms-listener busidref="IncrementUserEmailCountEsbChannel"
					name="incrementUserEmailCount" />
			</listeners>

			<actions mep="OneWay">
				<action name="request-mapper" class="eai.msejdf.esb.IncrementUserEmailCount">
				</action>
				
				<action name="soapui-client-action" class="org.jboss.soa.esb.actions.soap.SOAPClient">
					<property name="wsdl"
						value="http://127.0.0.1:8080/EJBServer/ListUserInterface?wsdl" />
					<property name="SOAPAction" value="incrementUserEmailCountFromList" />
					<property name="responseAsOgnlMap" value="true" />
					<property name="LoggingMessages" value="true" />
				</action>

			
			</actions>
		</service>

<!-- 
     ########################################################################################################## 
		WebService 
	 ########################################################################################################## 
-->	
        <service category="EAI_ESB_Web" name="EsbWebservice" description="WS Frontend for the ESB channel">

            <listeners>
                <jbr-listener name="Http-Gateway" busidref="Http-WebService" is-gateway="true"/>
                
                <jms-listener name="ESBchannel" busidref="EAIProj3_WebService_esb" />
            </listeners>
            <actions mep="RequestResponse" >
                <action name="print-before" class="org.jboss.soa.esb.actions.SystemPrintln">
                    <property name="message"
                              value="[Quickstart_webservice_producer] BEFORE invoking jbossws endpoint"/>
                </action>
                <action name="JBossWSAdapter" class="org.jboss.soa.esb.actions.soap.SOAPProcessor">
                    <property name="jbossws-context" value="EAIProj3_webservice_esb"/>
                    <property name="jbossws-endpoint" value="EsbWebservice"/>
<!--                     <property name="rewrite-endpoint-url" value="true" /> -->
                </action>
                <action name="print-after" class="org.jboss.soa.esb.actions.SystemPrintln">
                    <property name="message"
                              value="[Quickstart_webservice_producer] AFTER invoking jbossws endpoint"/>
                </action>
				<action name="testStore" class="org.jboss.soa.esb.actions.TestMessageStore"/>	
            </actions>
        </service>

	</services>
</jbossesb>
